nome,idade,email
Rodrigo,27, rodrigolima.pereira@hotmail.com

rodrigo,27,aksjdghaskjhdasd

dsd,14,sdasds

& C:/Users/Aluno/AppData/Local/Programs/Python/Python313/python.exe c:/Users/Aluno/Documents/rodrigolima_python_datascience/aula3/gerar_arquivo.py,a,15

& C:/Users/Aluno/AppData/Local/Programs/Python/Python313/python.exe c:/Users/Aluno/Documents/rodrigolima_python_datascience/aula3/gerar_arquivo.py,a,56

Rodrigo,27,rodrigo2025senai@hotmail.com

Rodrigo,28,rodrig2025@outlook.com.br

rodrigo,28,rrrrr@12345

Rodrigo,27,rodrigo@outlook.com

rodrigo,27,rodrigo@hotmail.com

& C:/Users/Aluno/AppData/Local/Programs/Python/Python313/python.exe c:/Users/Aluno/Documents/rodrigolima_python_datascience/aula3/gerar_arquivo.py,& C:/Users/Aluno/AppData/Local/Programs/Python/Python313/python.exe c:/Users/Aluno/Documents/rodrigolima_python_datascience/aula3/gerar_arquivo.py,& C:/Users/Aluno/AppData/Local/Programs/Python/Python313/python.exe c:/Users/Aluno/Documents/rodrigolima_python_datascience/aula3/gerar_arquivo.py

& C:/Users/Aluno/AppData/Local/Programs/Python/Python313/python.exe c:/Users/Aluno/Documents/rodrigolima_python_datascience/aula3/gerar_arquivo.py,& C:/Users/Aluno/AppData/Local/Programs/Python/Python313/python.exe c:/Users/Aluno/Documents/rodrigolima_python_datascience/aula3/gerar_arquivo.py,& C:/Users/Aluno/AppData/Local/Programs/Python/Python313/python.exe c:/Users/Aluno/Documents/rodrigolima_python_datascience/aula3/gerar_arquivo.py

rodrigo,27,rodrigo@gmail.com

rodrigo,27,r@gmail.com

rodrigo,27,r@gmail.com

Rodrigo,18,r@gmail.com

rodrigo,27,r@gmail.com

rodrigo,27,r@gmail.com

r,27,rodrio@gmail.com

r,18,rodrigo@gmail.com

rodrigo,27,rodrigo@gmail.com
rodrigo,27,rodrigo@gmail.com
Rodrigo,61,rrr@outlook.com
